{"Esc": [0.0, 1.0], "F1": [0.12125748395161116, 0.9986716937019485], "F2": [0.17728557769505396, 0.9976739780453894], "F3": [0.23375212565138923, 0.9973546818995563], "F4": [0.2897233053270195, 0.9961200230255899], "F5": [0.3712268598447128, 0.9952613278967336], "F6": [0.42684371222761286, 0.9946638805891517], "F7": [0.4819235367848811, 0.9953731925109748], "F8": [0.5374038843967913, 0.9924055021419269], "F9": [0.6145552899164061, 0.9931084419262209], "F10": [0.6695191458636153, 0.9915035927787904], "F11": [0.7238073297228155, 0.9926605774138708], "F12": [0.777955975411661, 0.9899469721229789], "PrtScr": [0.8496930194512149, 0.9904571154066323], "ScrLck": [0.9035787050515764, 0.988813321275995], "Pause": [0.9575116552021842, 0.9894832743606278], "`~": [0.00174506266449705, 0.7581925764786913], "1": [0.05920058961904178, 0.7572667195892676], "2": [0.11647265345860307, 0.7575534947766248], "3": [0.17380901057296047, 0.7571315011729235], "4": [0.23028664016988876, 0.7575612081427477], "5": [0.28698902274388904, 0.7571338922030306], "6": [0.34332700152331885, 0.7559236610894701], "7": [0.39926687498312374, 0.7558394691378906], "8": [0.4551385318236355, 0.7563038017851419], "9": [0.510973232065501, 0.7547723591998222], "0": [0.5667652650990247, 0.7556945505603377], "-": [0.621930081062379, 0.7544793496583306], "=": [0.6773681083464328, 0.7543069779943711], "Backspace": [0.7595359830049284, 0.7551203620598196], "Insert": [0.859238645979659, 0.7554825494612882], "Home": [0.9136607880081926, 0.7542699887122862], "PageUp": [0.967617589463403, 0.7546509265052039], "Tab": [0.017791491803547863, 0.5717270150474398], "Q": [0.0900055285229385, 0.5734649634463458], "W": [0.14759822226611474, 0.5726703639841446], "E": [0.20519702080623478, 0.5729970631478566], "R": [0.26212431862653374, 0.5725735567365219], "T": [0.31860065337026683, 0.5736641714826665], "Y": [0.37548208150451634, 0.5723158132650182], "U": [0.43185933748935434, 0.5726413472982296], "I": [0.48786128193042594, 0.573052919981824], "O": [0.5441385979581431, 0.57237108912306], "P": [0.5995934064562021, 0.574007821366178], "[": [0.6552629278845346, 0.572360755548282], "]": [0.7108261431312238, 0.5735415758761621], "\\": [0.7796803143999695, 0.5734025861029898], "Delete": [0.866619680627339, 0.5740149788252747], "End": [0.9212177361041939, 0.5738022194076478], "PageDown": [0.9753130468721755, 0.5747218733372317], "Caps Lock": [0.027988142112039194, 0.38442949769949913], "A": [0.10905294542706383, 0.3840483101372182], "S": [0.16656704929184693, 0.38612010701647465], "D": [0.22421697844141023, 0.3860290172330447], "F": [0.2813439694425259, 0.38632349060709986], "G": [0.33836971828310414, 0.3865610097696247], "H": [0.39574537216461464, 0.3865308570241368], "J": [0.45245045265906675, 0.3882826504462515], "K": [0.5089448708563205, 0.3869254305091479], "L": [0.5651387184325869, 0.3886412149199883], ";": [0.6212935547685909, 0.3879448256379579], "'": [0.6771639778779326, 0.38922933549297667], "Enter": [0.7666954839545107, 0.38977778471732455], "Shift1": [0.04458617870888008, 0.19342999171245323], "Z": [0.1407545496528122, 0.19405912683473636], "X": [0.199119863146299, 0.19543741288766572], "C": [0.257193042359078, 0.1974756406415033], "V": [0.31453177729751725, 0.1971793395735563], "B": [0.3718837325675851, 0.19794628929965208], "N": [0.4293053822616978, 0.19993943247572848], "M": [0.48628194574652883, 0.2002923323584357], ",": [0.5432036947527632, 0.20058323500397765], ".": [0.5997443438403283, 0.20099968145983785], "/": [0.6560647976708361, 0.20267262807928155], "Shift": [0.759780857369531, 0.20379654732684999], "\u2191": [0.9366360231089672, 0.2052803822495329], "Ctrl1": [0.021827023357119633, 0.0], "Win1": [0.10161787799921547, 0.0017614357003603507], "Alt1": [0.17433234721675442, 0.002641243748942641], "Spacebar": [0.37968048746185046, 0.0067306707097665045], "Alt": [0.5847715954969646, 0.010688868880392747], "Win": [0.655683778927389, 0.011909360839581485], "Menu": [0.7254288545566202, 0.015021482958938511], "Ctrl": [0.8014310060491497, 0.014679788921602334], "\u2190": [0.8888212676334477, 0.016917027974925718], "\u2193": [0.9442383605933916, 0.01963032978834228], "\u2192": [1.0, 0.018143203513947492]}